﻿pos_x,pos_y,rotation,side,designator,mpn,pack,value,mount_type,place
105.5116,-60.8638,90.0,top,C1,,C_Disc_D3.8mm_W2.6mm_P2.50mm,0.33uF,tht,True
112.1918,-60.8638,90.0,top,C2,,C_Disc_D3.8mm_W2.6mm_P2.50mm,0.1 uF,tht,True
117.8052,-56.7182,90.0,top,D1,,D_DO-41_SOD81_P10.16mm_Horizontal,RL207,tht,True
128.905,-51.1556,90.0,top,J1,,TerminalBlock_bornier-2_P5.08mm,POWER,tht,True
95.7472,-83.7946,-90.0,top,J2,,PinSocket_1x04_P2.54mm_Horizontal,HC06,tht,True
110.5916,-40.9194,180.0,top,J3,,TerminalBlock_bornier-2_P5.08mm,MOTOR A,tht,True
105.5116,-81.1784,0.0,top,J4,,TerminalBlock_bornier-2_P5.08mm,MOTOR B,tht,True
111.2266,-53.086,0.0,top,Q1,L78S10CV,TO254P450X1020X1935-3P,L78S10CV,tht,True
126.8653,-38.1762,180.0,top,S1,,SW_MINI-SPDT-SW,MINI-SPDT-SW,tht,True
125.2982,-75.3618,0.0,top,U1,,MODULE_ROB-14450,ROB-14450,tht,True
72.644,-79.883,0.0,top,XA1,,Arduino_Nano_Every_Socket,Arduino_Nano_Every_Socket,tht,True
