﻿designator,quantity,value,pack,mpn,mount_type
C1,1,0.33uF,C_Disc_D3.8mm_W2.6mm_P2.50mm,,tht
C2,1,0.1 uF,C_Disc_D3.8mm_W2.6mm_P2.50mm,,tht
D1,1,RL207,D_DO-41_SOD81_P10.16mm_Horizontal,,tht
J1,1,POWER,TerminalBlock_bornier-2_P5.08mm,,tht
J2,1,HC06,PinSocket_1x04_P2.54mm_Horizontal,,tht
J3,1,MOTOR A,TerminalBlock_bornier-2_P5.08mm,,tht
J4,1,MOTOR B,TerminalBlock_bornier-2_P5.08mm,,tht
Q1,1,L78S10CV,TO254P450X1020X1935-3P,L78S10CV,tht
S1,1,MINI-SPDT-SW,SW_MINI-SPDT-SW,,tht
U1,1,ROB-14450,MODULE_ROB-14450,,tht
XA1,1,Arduino_Nano_Every_Socket,Arduino_Nano_Every_Socket,,tht
